USE `library`;
INSERT INTO `admins` (`id`, `username`, `pwhash`) VALUES
(1, 'nevertoolate', '$2y$10$wFq3c5Xv11Q1hQNSKmS5be1TRsruuMWon5JFaaYOg3dc7OMfZSD1u'),
(5, 'admin', '$2y$10$1m3vUaP.0Cg7tQRORNA6zeGTqy51jbp7rZZU0LynOVNf0uLGzJ9zq');
SET SQL_MODE = "NO_AUTO_VALUE_ON_ZERO";
INSERT INTO `authors` (`id`, `name`) VALUES
(6, ' 	Джеймс Р. Грофф'),
(11, 'А. Белов'),
(14, 'Александр Сераков'),
(3, 'Брюс Эккель'),
(5, 'Гэри Маклин Холл'),
(19, 'Джей Макгаврен'),
(10, 'Джереми Блум'),
(9, 'Джон Вудкок'),
(20, 'Дрю Нейл'),
(4, 'Дэвид Флэнаган'),
(21, 'Жак Фреско'),
(7, 'Люк Веллинг'),
(1, 'М., Вильямс'),
(18, 'Мартин Фаулер, Прамодкумар Дж. Садаладж'),
(15, 'Пол Дейтел, Харви Дейтел'),
(16, 'Роберт Мартин'),
(8, 'Сергей Мастицкий'),
(13, 'Сет Гринберг'),
(12, 'Сэмюэл Грингард'),
(2, 'Уэс Маккинни'),
(17, 'Энтони Грей');

INSERT INTO `books` (`id`, `title`, `year`, `pages`, `isbn`, `description`, `image`, `clicks`, `views`) VALUES
(25, 'Толковый словарь сетевых терминов и аббревиатур', 2020, 278, 'ISBN 123-345-353353-29', 'Толковый словарь сетевых терминов и аббревиатур', '25.jpg', 1, 2),
(26, 'Python for Data Analysis', 1982, 525, 'ISBN 123-345-353353-29', 'Python for Data Analysis', '26.jpg', 0, 1),
(27, 'Thinking in Java (4th Edition)', 2015, 150, 'ISBN 123-345-353353-29', 'Thinking in Java (4th Edition)', '27.jpg', 3, 0),
(31, 'JavaScript Pocket Reference', 1989, 120, 'ISBN 123-345-353353-29', 'JavaScript Pocket Reference', '31.jpg', 0, 0),
(32, 'Adaptive Code via C#: Class and Interface Design, Design Patterns, and SOLID Principles', 2013, 589, 'ISBN 123-345-353353-29', 'Adaptive Code via C#: Class and Interface Design, Design Patterns, and SOLID Principles', '32.jpg', 0, 0),
(33, 'SQL: The Complete Referenc', 1987, 423, 'ISBN 123-345-353353-29', 'SQL: The Complete Referenc', '33.jpg', 0, 0),
(34, 'PHP and MySQL Web Development', 2009, 311, 'ISBN 123-345-353353-29', 'PHP and MySQL Web Development', '34.jpg', 0, 0),
(35, 'Статистический анализ и визуализация данных с помощью R', 1994, 380, 'ISBN 123-345-353353-29', 'Статистический анализ и визуализация данных с помощью R', '35.jpg', 0, 0),
(36, 'Computer Coding for Kid', 1997, 133, 'ISBN 123-345-353353-29', 'Computer Coding for Kid', '36.jpg', 0, 1),
(37, 'Exploring Arduino: Tools and Techniques for Engineering Wizardry', 2005, 424, 'ISBN 123-345-353353-29', 'Exploring Arduino: Tools and Techniques for Engineering Wizardry', '37.jpg', 0, 1),
(38, 'Программирование микроконтроллеров для начинающих и не только', 2006, 237, 'ISBN 123-345-353353-29', 'Программирование микроконтроллеров для начинающих и не только', '38.jpg', 0, 0),
(39, 'The Internet of Things', 2013, 450, 'ISBN 123-345-353353-29', 'The Internet of Things', '39.jpg', 0, 1),
(40, 'Sketching User Experiences: The Workbook', 2013, 344, 'ISBN 123-345-353353-29', 'Sketching User Experiences: The Workbook', '40.jpg', 0, 0),
(41, 'InDesign CS6', 2012, 383, 'ISBN 123-345-353353-29', 'InDesign CS6', '41.jpg', 0, 0),
(43, 'Android для разработчиков', 1988, 233, 'ISBN 123-345-353353-29', 'Android для разработчиков', '43.jpg', 0, 0),
(44, 'Clean Code: A Handbook of Agile Software Craftsmanship', 1986, 305, 'ISBN 123-345-353353-29', 'Clean Code: A Handbook of Agile Software Craftsmanship', '44.jpg', 0, 0),
(45, 'Swift Pocket Reference: Programming for iOS and OS X', 1980, 457, 'ISBN 123-345-353353-29', 'Swift Pocket Reference: Programming for iOS and OS X', '45.jpg', 0, 0),
(46, 'NoSQL Distilled: A Brief Guide to the Emerging World of Polyglot Persistence', 1983, 313, 'ISBN 123-345-353353-29', 'NoSQL Distilled: A Brief Guide to the Emerging World of Polyglot Persistence', '46.jpg', 0, 0),
(47, 'Head First Ruby', 2000, 511, 'ISBN 123-345-353353-29', 'Head First Ruby', '47.jpg', 0, 0),
(48, 'Practical Vim', 2007, 551, 'ISBN 123-345-353353-29', 'Practical Vim', '48.jpg', 0, 0),
(79, 'Тестовая книга', 2020, 99, 'ISBN-123-3321', 'Описание', '3186gridlayer.png', 0, 0);

INSERT INTO `books_authors` (`book_id`, `author_id`) VALUES
(25, 1),
(26, 2),
(27, 3),
(31, 4),
(32, 5),
(33, 6),
(34, 7),
(35, 8),
(36, 9),
(37, 10),
(38, 11),
(39, 12),
(40, 13),
(41, 14),
(43, 15),
(44, 16),
(45, 17),
(46, 18),
(47, 19),
(48, 20),
(75, 6),
(75, 5),
(75, 0),
(76, 6),
(76, 5),
(76, 0),
(77, 6),
(77, 5),
(78, 6),
(78, 5),
(79, 3),
(79, 5);
